Title;Source;Year
(requirement) evolution requirements for adaptive systems;Ieee;2012
17 - inspection, monitoring, auditing, and tracking;Sciencedirect;2011
2010 1st international workshop on requirements@run.time, re@runtime 2010;Scopus;2010
2013 5th international workshop on modeling in software engineering, mise 2013 - proceedings;Scopus;2013
2013 ieee conference on open systems, icos 2013;Scopus;2013
2014 ieee 1st international workshop on evolving security and privacy requirements engineering, espre 2014 - proceedings;Scopus;2014
20th aiaa international communication satellite systems conference and exhibit, icssc 2002;Scopus;2002
2nd international workshop on living with inconsistency;Scopus;2001
33rd international conference on conceptual modeling, er 2014;Scopus;2014
3rd international workshop on advances and applications of problem frames;Acmdl;2008
5sl: a language for declarative specification and generation of digital libraries;Acmdl;2002
6th workshop on software engineering for resilient systems, serene 2014;Scopus;2014
7th international conference on evaluation of novel approaches to software engineering, enase 2012;Scopus;2013
7th international conference on research challenges in information science, rcis 2013 - conference proceedings;Scopus;2013
9th international conference on dependability and complex systems, depcos-relcomex 2014;Scopus;2014
A bdi agent programming language with failure handling, declarative goals, and planning;Web of science, Scopus;2010, 2011
A case study on benefits and side-effects of agile practices in large-scale requirements engineering;Acmdl;2011
A classification-based approach to policy refinement;Scopus;2007
A compact data acquisition and control terminal for particle accelerators;Ieee;1969
A comparison of nearest neighbor search algorithms for generic object recognition;Scopus;2006
A conceptual view on trajectories;Sciencedirect;2008
A configurable event correlation architecture for adaptive j2ee applications;Scopus;2007
A context analysis method for constructing reliable embedded systems;Acmdl;2008
A context-aware system based on service-oriented architecture;Engineering village;2006
A corba-based dynamic reconfigurable middleware;Scopus;2005
A data warehouse architecture for clinical data warehousing;Acmdl;2007
A debugging strategy based on the requirements of testing;Scopus;2004
A deidealisation semantics for kaos;Acmdl;2010
A design framework for generating bdi-agents from goal models;Acmdl;2007
A factory to design and buid tailorable and verifiable middleware;Scopus;2007
A few thoughts on engineering social machines: extended abstract;Acmdl;2013
A five-step method for value-based planning and monitoring of systems engineering projects;Ieee;2006
A foundation for requirements analysis of privacy preserving software;Scopus;2012
A framework for requirements engineering process development (frere);Scopus;2008
A framework for service-based business process collaboration;Scopus;2012
A framework for supporting dynamic systems co-evolution;Scopus;2007
A framework for the operationalization of monitoring in business intelligence requirements engineering;Scopus;2014
A generic architecture for surveillance systems;Scopus;2010
A goal model elaboration for localizing changes in software evolution;Ieee;2013
A goal-based framework for contextual requirements modeling and analysis;Web of science;2010
A goal-based modeling approach to develop requirements of an adaptive system with environmental uncertainty;Web of science;2009
A goal-oriented requirements engineering approach for the ambient assisted living domain;Acmdl;2014
A green model for sustainable software engineering;Scopus;2013
A high-rate, low-power, asic speech decoder using finite state transducers;Scopus;2012
A human-machine dimensional inference ontology that weaves human intentions and requirements of context awareness systems;Scopus;2008
A job pause service under lam/mpi+blcr for transparent fault tolerance;Scopus;2007
A knowledge level software engineering methodology for agent oriented programming;Acmdl;2001
A knowledge-based software-development environment supporting cooperative work;Web of science;1992
A medical service requirements model for health system design;Ieee;1969
A memory for goals model of sequence errors;Sciencedirect;2011
A metamodel for aspect-oriented analysis approach;Scopus;2010
A method for modeling of kpis enabling validation of their properties;Acmdl;2013
A method of formal requirement analysis for npp i&c systems based on uml modeling with software cost reduction;Sciencedirect;2003
A method to acquire compliance monitors from regulations;Ieee;2010
A method to develop feasible requirements for java mobile code application;Web of science;2004
A middleware and policy-based adaptation framework to simplify software evolution: an implementation on unit trust enterprise system;Scopus;2014
A mode-based pattern for feature requirements, and a generic feature interface;Ieee;2013
A multi-level software architecture metamodel to support the capture and evaluation of stakeholder concerns;Web of science;2001
A novel approach to design a scalable air quality monitoring system;Scopus;2012
A novel innominate vein-to-common atrium fenestration at fontan completion;Sciencedirect;2010
A pattern for structuring the behavioural requirements of features of an embedded system;Ieee;2013
A pes for use in highly safety-critical control;Scopus;2005
A policy language for distributed usage control;Scopus;2007
A practical formal approach for requirements validation and verification of dependable systems;Scopus;2011
A project based master's programme for sof/soc based sensor systems;Engineering village;2005
A propositional logic-based method for verification of feature models;Web of science;2004
A refined goal model for semantic web services;Ieee;2007
A reflective framework for fine-grained adaptation of aspect-oriented compositions;Scopus;2008
A requirements analysis framework for open systems requirements engineering;Acmdl;2007
A requirements engineering process model for distributed software development lessons learned;Scopus;2008
A requirements monitoring framework for enterprise systems;Web of science;2006
A requirements monitoring infrastructure for very-large-scale software systems;Scopus;2014
A requirements-based approach for the design of adaptive systems;Ieee;2012
A requirements-led approach for specifying qos-aware service choreographies: an experience report;Scopus;2014
A roadmap for comprehensive requirements modeling;Ieee;2010
A runtime evaluation methodology and framework for autonomic systems;Scopus;2011
A self-tuning scientific framework using model-driven engineering for heterogeneous execution platforms;Scopus;2014
A semantics-based method for requirements analysis and system design;Ieee;1979
A software engineering perspective on algorithmics;Acmdl;2001
A software reuse measure: monitoring an enterprise-level model driven development process;Scopus;1999
A solution to sensor network coverage problem;Ieee;2005
A sound assertion semantics for the dependable systems evolution verifying compiler;Ieee;2007
A study of the impact of global software development in packaged software release planning;Web of science;2012
A systematic approach to generate and clarify consistent requirements;Scopus;2013
A taxonomy of uncertainty for dynamically adaptive systems;Ieee;2012
A theory of information quality and its implementation in systems engineering;Ieee;2013
A time series for monitoring vegetation activity and phenology at 10-daily time steps covering large parts of south america;Scopus;2011
A tool for managing evolving security requirements;Web of science, Scopus;2012, 2011
A typology to support his design for collaborative healthcare delivery;Acmdl;2010
A ubiquitous system for smart reasoning for well-being at home and at work;Ieee;2012
A unified requirements model, integrating features, use cases, requirements, requirements analysis and hazard analysis;Ieee;2007
A versatile monitoring system for distributed real-time systems;Sciencedirect;1992
A virtual hardware handler for rtr systems;Scopus;1999
Abcd: eliminating array bounds checks on demand;Scopus;2000
Abstract machine and structural availability;Scopus;2006
Achieving functional safety of audi dynamic steering using a structured development process;Engineering village;2006
Achieving runtime adaptability through automated model evolution and variant selection;Scopus;2014
Acquiring and incorporating state-dependent timing requirements;Ieee;2003
Active and adaptive services resource provisioning with personalized customization;Ieee;2013
Activity-driven design approach to the novel control room environments;Engineering village;2009
Adaptive agent model: an agent interaction and computation model;Scopus;2007
Adaptive goals for self-adaptive service compositions;Ieee;2010
Adaptive protection scheme with fault detection, classification and isolation features for off-grid distributed generation system;Ieee;2012
Adaptive service composition based on runtime requirements monitoring;Scopus;2011
Adaptive socio-technical systems: a requirements-based approach;Web of science;2013
Adaptive software needs continuous verification;Scopus;2010
Addressing legal requirements in requirements engineering;Ieee;2007
Addressing requirements engineering challenges in the context of emergent systems;Ieee;2011
Advanced automation technology reduces refinery energy costs;Engineering village;2005
Advanced technology explosives detection device deployment in the faa's security equipment integrated program;Ieee;1999
Advancements in aircraft model force and attitude instrumentation by integrating statistical methods;Engineering village;2007
Advent: a system architecture for advanced monitoring of elders with chronic conditions;Acmdl;2014
Agent based seamless context-aware service for moving learners in ubiquitous computing environment;Scopus;2008
Agent-based tactics for goal-oriented requirements elaboration;Ieee;2002
Agent-oriented software engineering vii: 7th international workshop, aose 2006 revised and invited papers;Scopus;2007
Alerts in mobile healthcare applications: requirements and pilot study;Ieee;2004
Ambient assisted living system for in-home monitoring of healthy independent elders;Sciencedirect;2012
An adaptive n-variant software architecture for multi-core platforms: models and performance analysis;Scopus;2011
An agent based synchronization scheme for multimedia applications;Scopus;2006
An agent-based system to support assurance of security requirements;Ieee;2010
An agent-supported simulation framework for metric-aware dynamic fidelity modeling;Acmdl;2007
An aggregated energy security performance indicator;Sciencedirect;2013
An android based home automation system;Scopus;2013
An approach to automated agent deployment in service-based systems;Scopus;2007
An approach to engineer and enforce context constraints in an rbac environment;Acmdl;2003
An architecture for re-engineering of client/server applications;Scopus;2001
An automated approach to monitoring and diagnosing requirements;Scopus;2007
An efficient heuristic for selecting active nodes in wireless sensor networks;Sciencedirect;2006
An empirical study of industrial requirements engineering process assessment and improvement;Acmdl;2005
An event driven model for context-aware service;Scopus;2011
An event-based methodology to generate class diagrams and its empirical evaluation;Scopus;2010
An experience in using a tool for evaluating a large set of natural language requirements;Acmdl;2010
An industrial network flow information integration model for supply chain management and intelligent transportation;Web of science;2007
An information infrastructure for coordinating earth science observations;Scopus;2006
An integrated and dynamic multi-object trade-off mechanism model based on process management in software project;Engineering village;2006
An integrated approach to benefits realisation of railway condition monitoring innovations;Ieee;2011
An integrated approach to engineer and enforce context constraints in rbac environments;Acmdl;2004
An integrated approach to supporting interaction evolution in home care systems;Acmdl;2008
An integrated approach to the development of an intelligent prognostic health management system;Engineering village;2006
An interface language of value-added service creation based on capability-injection;Ieee;2009
An ontology-based data acquisition infrastructure using ontologies to create domain-independent software systems;Scopus;2012
An operational model for structuring the requirements generation process;Web of science;2005
"Analysing ""people"" problems in requirements engineering";Acmdl;2010
Analysing and enhancing business processes and it-systems for mobile workforce automation: a framework approach;Acmdl;2007
Analysing monitoring and switching problems for adaptive systems;Sciencedirect;2012
Analysis of smart mobile applications for healthcare under dynamic context changes;Ieee;2015
Analysis of solar organic rankine cycle for a building in hot and humid climate;Engineering village;2011
Analyzing crosscutting in the problem frames approach;Acmdl;2006
Analyzing goal models: different approaches and how to choose among them;Acmdl;2011
Anis: a negotiated integration of services in distributed environments;Scopus;2006
Applied software engineering education;Engineering village;2005
Applying industrial-strength testing techniques to critical care medical equipment;Acmdl;2012
Applying requirement monitoring for autonomic computing in a combat management system;Ieee;2007
Applying requirements monitoring for autonomic computing in a combat management system;Web of science;2007
Applying sofl to construct requirements specification for examination monitoring system;Ieee;2012
Applying wireless sensor networks to renaturation monitoring: from requirements to deployment;Ieee;2014
Approaches for mastering change;Scopus;2012
Architecting adaptable software using cots: an nfr approach;Scopus;2003
Architectural adaptation addressing the criteria of multiple quality attributes in mission-critical systems;Scopus;2007
Architecture design of disaster risk assessment and warning system based on uml;Scopus;2010
Archiving system states by persistent objects;Ieee;1996
Are your lights off? using problem frames to diagnose system failures;Ieee;2009
Are your sites down? requirements-driven self-tuning for the survivability of web systems;Ieee;2011
Artificial esophagus with peristaltic movement;Engineering village;2005
Ase2009 - 24th ieee/acm international conference on automated software engineering;Scopus;2009
Aspect-oriented modeling approach to define routing in enterprise service bus architectures;Acmdl;2008
Aspect-oriented requirements engineering for advanced separation of concerns: a review;Engineering village;2011
Aspect-oriented requirements engineering: a roadmap;Acmdl;2008
Aspects, dependencies, and interactions;Acmdl;2006
Assessing systems adaptability to a product family;Scopus;2003
Assessing the applicability of use case maps for business process and workflow description;Ieee;2008
Assessing vehicle health management requirements for unmanned air systems;Engineering village;2012
Assumption-based risk identification method (arm) in dynamic service provisioning;Ieee;2013
Ate applied into fault modeling and fault diagnosis of ac servo motor pwm driver system;Scopus;2005
Automated consistency checking of requirements specifications;Acmdl;1996
Automated instrumentation of contracts and scenarios for requirements validation in .net;Acmdl;2008
Automated mapping from goal models to self-adaptive systems;Ieee;2008
Automated requirements analysis for a molecular watchdog timer;Acmdl;2014
Automated software project planning and control;Sciencedirect;1988
Automated testing of web services system based on owl-s;Scopus;2012
Automatic derivation of utility functions for monitoring software requirements;Web of science;2011
Automatic system modeling approach based on semantic association;Ieee;2008
Automating analysis of qualitative preferences in goal-oriented requirements engineering;Acmdl;2011
Autonomous real time requirements tracing;Engineering village;2014
Autonomy requirements engineering;Ieee;2013
Autonomy requirements engineering: a case study on the bepicolombo mission;Acmdl;2013
Auvim: a middleware for audio/video sensor networks;Scopus;2006
Awareness requirements for adaptive systems;Scopus;2011
Bee-sensor: a step towards meta-routing strategies in hybrid ad hoc networks;Acmdl;2010
Bise – call for papersissue 3/2010high-impact requirements engineering;Springer;2009
Bottom billion architecture: an extensible software architecture for ict access in the rural developing world;Acmdl;2010
Bpel fragments for modularized reuse in modeling bpel processes;Scopus;2009
Breaking the big-bang practice of traceability: pushing timely trace recommendations to project stakeholders;Ieee;2012
Bridging the gap between structured requirements and object-oriented analysis and design;Ieee;1996
Building contingencies into specifications;Ieee;2008
Building problem domain ontology from security requirements in regulatory documents;Acmdl;2006
Building secure products and solutions;Ieee;2007
Building up a virtual community for home-based chronic diseases healthcare;Ieee;2014
Business process configuration with nfrs and context-awareness;Scopus;2013
Business process monitoring and alignment: an approach based on the user requirements notation and business intelligence tools;Scopus;2007
Business processes and regulations compliance management technology;Ieee;2014
Business processes management based on stratified grid;Engineering village;2005
Can requirements be creative? experiences with an enhanced air space management system;Acmdl;2007
Categorizing requirements for a contract-based system integration project;Ieee;2012
Cems monitoring system of epa based on web;Scopus;2010
Challenges in rendering and maintaining trustworthiness for long-living software systems;Scopus;2015
Changing class behaviors at run-time in mrp systems;Scopus;2000
Chapter 13 - the design implications of users’ values for software and system architecture;Sciencedirect;2014
Chapter 9 - data requirements analysis;Sciencedirect;2011
Characterizing maintainability concerns in autonomic element design;Ieee;2008
Characterizing uncertainty when evaluating risk management metrics: risk assessment modeling of listeria monocytogenes contamination in ready-to-eat deli meats;Sciencedirect;2013
Classical image processing vs. computer vision techniques in automated computer-assisted detection of follicles in ultrasound images of ovary;Ieee;1997
Clay minerals, carbon storage, and effects of observational scale on computational models;Sciencedirect;2011
Clinical requirements engineering;Ieee;2005
Cloud adoption: a goal-oriented requirements engineering approach;Acmdl;2011
Cloud adoption: prioritizing obstacles and obstacles resolution tactics using ahp;Acmdl;2014
Cluster management in the known area of deployment for wireless sensor network;Ieee;2008
Cognitive approach to control of socio-economic systems security;Ieee;2004
Cognitive approach to control of socio-economie systems security;Engineering village;2004
Collaborative social modeling for designing a patient wellness tracking system in a nurse-managed health care center;Acmdl;2009
Combining model processing and middleware configuration for building distributed high-integrity systems;Scopus;2007
Commercial-off-the-shelf workflow package as a platform for mission planning data integration;Engineering village;2006
Communications service requirements for distributed monitoring applications;Engineering village;1993
Comparative evaluation of dependability characteristics for peer-to-peer architectural styles by simulation;Scopus;2006
Comparative semantics of feature diagrams: ffd vs. vdfd;Ieee;2006
Comparing requirements analysis methods for developing reusable component libraries;Sciencedirect;2006
Compile-time stack requirements analysis with gcc motivation, development, and experiments results;Scopus;2005
Compliance management with measurement frameworks;Ieee;2011
Compliance of semantic constraints - a requirements analysis for process management systems;Scopus;2008
Component-based system development;Scopus;2005
Components of a multi-perspective modeling method for designing and managing it security systems;Scopus;2015
Comprehensive integrated checklists for requirements engineering and software project management;Ieee;2013
Computing' requirements in open source software projects;Scopus;2013
Concept analysis for product line requirements;Acmdl;2009
Conceptual application domain modelling;Acmdl;2009
Conservation gis: current applications and emerging needs;Engineering village;2006
Constructing adaptive software in distributed systems;Scopus;2001
Construction and implementation of surveillance system for software engineering oriented training;Scopus;2012
Context-awareness for self-adaptive applications in ubiquitous computing environments;Scopus;2013
Context-sensitive traceability controlling;Engineering village;2013
Continuous adaptive requirements engineering: an architecture for self-adaptive service-based applications;Ieee;2010
Correlating features and code using a compact two-sided trace analysis approach;Scopus;2005
Cots tenders and integration requirements;Scopus;2004
Counter play-out: executing unrealizable scenario-based specifications;Acmdl;2013
Critical infrastructures security modeling, enforcement and runtime checking;Scopus;2009
Cssl: a logic for specifying conditional scenarios;Acmdl;2011
Cyclone: a broadcast-free dynamic instruction scheduler with selective replay;Scopus;2003
Data requirements analysis based on china's agricultural monitoring and early-warning;Scopus;2013
Dealing with multiple failures in zanshin: a control-theoretic approach;Scopus;2014
Dealing with softgoals at runtime: a fuzzy logic approach;Ieee;2011
Decision support tools for market participants;Engineering village;2003
Deeps: deterministic energy-efficient protocol for sensor networks;Engineering village;2006
Deriving policies from grid security requirements model;Web of science;2008
Description logic based bdi implementation for goal-directed semantic agents;Acmdl;2011
Design and application of task administration protocols for collaborative production and service systems;Sciencedirect;2012
Design and implementation of an identification system in construction site safety for proactive accident prevention;Sciencedirect;2012
Design and implementation of web-based international trade risk management platform;Ieee;2014
Design boundary objects - development guidelines for financial data warehouse projects;Scopus;2010
Design of a novel intelligent data management tool for health and usage monitoring systems - software requirements;Engineering village;2008
Design of data management system for agricultural land quality dynamic monitoring;Ieee;2009
Design of network action surveillance system based on internet real-name system;Scopus;2010
Design of sampling networks for water table monitoring;Engineering village;1990
Design patterns: between programming and software design;Acmdl;2008
Designing a citation-sensitive research tool: an initial study of browsing-specific information needs;Acmdl;2009
Designing an adaptive computer-aided ambulance dispatch system with zanshin: an experience report;Scopus;2013
Designing quality architecture: incorporating iso standards into the unified process;Scopus;2004
Designs can talk: a case of feedback for design evolution in assistive technology;Web of science, Scopus;2008, 2009
Detecting and resolving semantic pathologies in uml sequence diagrams;Acmdl;2005
Developing a multiagent conference management system using the o-mase process framework;Scopus;2008
Developing a sustainability non-functional requirements framework;Acmdl;2014
Developing a workflow design framework based on dataflow analysis;Ieee;2008
Developing business process monitoring strategy in a supply chain using information requirements analysis;Ieee;2010
Developing self managing software systems using agile modeling;Acmdl;2013
Development and evaluation of a vehicle-infrastructure integration simulation architecture;Scopus;2007
Development of a test bed for monitoring & control software of a ground station & its analysis by application of standard software metrics;Ieee;2013
Development of agent-driven systems: from i* architectural models to intentional agents' code;Scopus;2011
Development of an intelligent control system for a municipal water distribution network;Ieee;1999
Development of clinical nutrition staffing model;Sciencedirect;1998
Development of context-aware systems to support human-human communication and collaboration;Ieee;2008
Development of modern electronic control systems for power distribution;Engineering village;2002
Development of the adaptable, gis-based, multi-threat detection system;Ieee;2011
Discovering affect-laden requirements to achieve system acceptance;Ieee;2014
Discovering early aspects;Ieee;2006
Disease surveillance and patient care in remote regions: an exploratory study of collaboration among health-care professionals in amazonia;Scopus;2014
Do you smell rotten eggs?' evaluating interactions with mobile agents in crisis response situations;Scopus;2009
Do you smell rotten eggs?': evaluating interactions with mobile agents in crisis response situations;Acmdl;2009
Documentation of requirements for computer systems;Ieee;1993
Domain model evolutionary approach based on semantic association;Ieee;2008
Dreamer: a design rationale environment for argumentation, modeling and engineering requirements;Acmdl;2010
Dynamic maintenance of software systems at runtime;Ieee;2008
Dynamic precision management for loop computations on reconfigurable architectures;Scopus;1999
Dynamic requirements specification for adaptable and open service systems;Ieee;2007
Dynamic requirements specification for adaptable and open service-oriented systems;Web of science;2007
Dynamic software assembly for automatic deployment-oriented adaptation;Scopus;2005
Dynamic weaving of security aspects in service composition;Scopus;2006
Dynamically adaptive systems through automated model evolution using service compositions;Scopus;2010
Early accessibility evaluation in web application development;Scopus;2013
Early aspects at icse 2007: workshop on aspect-oriented requirements engineering and architecture design;Acmdl;2007
Early verification and validation of mission critical systems;Web of science, Sciencedirect;2007, 2005
Editorial: “complexity of systems evolution: requirements engineering perspective”;Acmdl;2015
Efficient consistency checking of scenario-based product-line specifications;Ieee;2012
Efficient large-scale model checking;Scopus;2009
Efficient response time predictions by exploiting application and resource state similarities;Engineering village;2005
Efficient trace monitoring;Scopus;2006
Ejvm: an economic java run-time environment for embedded devices;Scopus;2001
Elaborating security requirements by construction of intentional anti-models;Acmdl;2004
Elevating interaction requirements for web service composition;Scopus;2006
Elicitation of security requirements for e-health system by applying model oriented security requirements engineering (mosre) framework;Acmdl;2012
Eliciting confidentiality requirements in practice;Acmdl;2005
Eliciting contextual requirements at design time: a case study;Ieee;2014
Eliciting service composition in a goal driven manner;Acmdl;2004
Embedding policy rules for software-based systems in a requirements context;Ieee;2005
Embracing requirements variety for e-governments based on multiple product-lines frameworks;Ieee;2003
Emccd-based detector for time-resolved x-ray diffraction and scattering studies of biological specimens;Ieee;2006
Emergency response workflow resource requirements modeling and analysis;Scopus;2009
Empirical evaluation of tropos4as modelling;Scopus;2011
End-to-end formal specification, validation, and verification process: a case study of space flight software;Ieee;2013
Energy aware beaconless geographical routing in three dimensional wireless sensor networks;Ieee;2009
Enforcing safety requirements for industrial automation systems at runtime position paper;Scopus;2011
Engineering a sound assertion semantics for the verifying compiler;Ieee;2010
Engineering adaptation with zanshin: an experience report;Acmdl;2013
Engineering adaptive requirements;Ieee;2009
Engineering of quality requirements as perceived by near-shore development centers' architects in eastern europe: the hole in the whole;Acmdl;2014
Engineering safety-related requirements for software-intensive systems;Acmdl;2006
Engineering secure software and systems - 4th international symposium, essos 2012, proceedings;Scopus;2012
Engineering service negotiation and management functionality for the advanced intelligent network: an application of object-oriented technology;Ieee;1991
Engineering topology aware adaptive security: preventing requirements violations at runtime;Ieee;2014
Enhancing residential gateways: osgi service composition;Scopus;2007
Enterprise information system security: a life-cycle approach;Scopus;2008
Enterprise monitoring ontology;Web of science;2011
Enterprise systems requirement analysis for process-centric continuous monitoring;Scopus;2010
Environmental regulation of hydraulic fracturing in queensland;Engineering village;2013
Establishing trustworthiness in services of the critical infrastructure through certification and accreditation;Acmdl;2005
Euro-par 2006 workshops: parallel processing coregrid 2006, unicore summit 2006, petascale computational biology and bioinformatics revised selected papers;Scopus;2007
Europlop 2011 - 16th european conference on pattern languages of programs, invited post-proceedings;Scopus;2012
Evaluating filtering strategies for decentralized handover prediction in the wireless internet;Engineering village;2006
Evaluating meta-programming mechanisms for orb middleware;Scopus;2001
Evaluating organizational configurations;Ieee;2009
Evaluating user-centric adaptation with goal models;Acmdl;2007
Evaluation of esophageal motility and reflux in children treated for congenital diaphragmatic hernia with the use of combined multichannel intraluminal impedance and ph monitoring;Sciencedirect;2011
Evaluation of pressure transmission and intra-aneurysmal contents after endovascular repair using the trivascular enovus expanded polytetrafluoroethylene stent graft in a canine model of abdominal aortic aneurysm;Sciencedirect;2007
Evolution vs. innovation in requirements for services;Ieee;2011
Evolutionary method engineering: towards a method for the analysis and conception of management information systems;Scopus;2006
Evolving requirements in patient-centered software;Acmdl;2011
Evolving requirements in socio-technical systems: concepts and practice;Acmdl;2011
Exemplars for better requirements - tales from the trenches;Ieee;2005
Experience in using business scenarios to assess cots components in integrated solutions;Acmdl;2015
Experience with a tracing model for a positive train control system of systems;Engineering village;2012
Experiences with program static analysis;Ieee;1998
Expressing aspectual interactions in requirements engineering: experiences in the slot machine domain;Acmdl;2010
Extended web services framework to meet non-functional requirements;Scopus;2006
Extending the four-variable model for cyber-physical systems;Ieee;2012
Extensibility via a meta-level architecture;Scopus;2001
Fabric tears as a new cause of type iii endoleak with ancure endograft;Sciencedirect;2003
Fast formal analysis of requirements via “topoi diagrams”;Acmdl;2001
Fault monitoring and detection of distributed services over local and wide area networks;Ieee;2006
Fault-models in wireless communication: towards survivable ad hoc networks;Engineering village;2007
Feasibility of simultaneous pre- and postfilter transcranial doppler monitoring during carotid artery stenting;Sciencedirect;2009
Feature interactions in software and communication systems x;Scopus;2009
Feedback-aware requirements documents for smart devices;Scopus;2014
Field analysis: getting useful and low-cost interprocedural information;Scopus;2000
Film strain measurement through hyperspectral polarimetry;Engineering village;2007
Finding solutions in goal models: an interactive backward reasoning approach;Acmdl;2010
First international workshop on usability and accessibility focused requirements engineering (usare 2012): summary report;Acmdl;2013
First step towards a domain specific language for self-adaptive systems;Ieee;2010
Flexibility requirements in real-world process scenarios and prototypical realization in the care domain;Scopus;2014
Fluent-based animation: exploiting the relation between goals and scenarios for requirements validation;Ieee;2004
Foreword: 2nd workshop requirements@run.time;Ieee;2011
Foreword: first workshop requirements@run.time;Scopus;2010
Formal tools for managing inconsistency and change in re;Acmdl;2000
Formalizing space shuttle software requirements: four case studies;Acmdl;1998
Founding enterprise systems on enterprise performance analysis;Engineering village;2004
Fpga implementation of dynamic run-time behavior reconfiguration in robots;Scopus;2006
Frameworks for model-driven software architecture;Scopus;2005
From a goal-oriented methodology to a bdi agent language: the case of tropos and alan;Web of science;2007
From adaptive systems design to autonomous agent design;Scopus;2010
From aspect-oriented requirements models to aspect-oriented business process design models: an iterative and concern-driven approach for software engineering;Acmdl;2011
From awareness requirements to adaptive systems: a control-theoretic approach;Ieee;2011
From collective knowledge to intelligence: pre-requirements analysis of large and complex systems;Acmdl;2010
From crosscutting concerns to web systems models;Acmdl;2007
From early to late formal requirements: a process-control case study;Acmdl;1998
From gmods models to object-oriented specifications in event-b;Ieee;2013
From requirements to embedded software - formalising the key steps;Ieee;2009
From requirements to release criteria: specifying, monitoring, and demonstrating product quality;Ieee;2003
From requirements to statecharts via design refinement;Acmdl;2014
From stakeholder goals to product features: towards a role-based variability framework with decision boundary;Acmdl;2006
From use cases and their relationships to code;Ieee;2012
Fusing hard and soft computing for fault management in telecommunications systems;Scopus;2002
Future space system support to u.s. military operations in an ice-free arctic: broadband satellite communications considerations;Engineering village;2009
Fuzzy goals for requirements-driven adaptation;Ieee;2010
General enterprise framework (gef);Ieee;2012
Generic architecture and mechanisms for protocol reconfiguration;Engineering village;2006
Getting more from requirements traceability: requirements testing progress;Ieee;2013
Gmpls operations and management: today's challenges and solutions for tomorrow;Scopus;2005
Goal and scenario driven product line development;Ieee;2004
Goal models as run-time entities in context-aware systems;Scopus;2012
Goal reasoning for quality elicitation in the isoa approach;Ieee;2009
Goal support towards business processes modelling;Ieee;2008
Goal-based modeling of dynamically adaptive system requirements;Ieee;2008
Goal-centric traceability for managing non-functional requirements;Acmdl;2005
Goal-driven adaptation of service-based systems from runtime monitoring data;Ieee;2011
Goal-oriented development of bdi agents: the practionist approach;Ieee;2006
Goal-oriented modeling of requirements engineering for dynamically adaptive system;Ieee;2006
Goal-oriented requirements animation;Ieee;2004
Gold infrastructure for virtual organisations;Web of science;2006
Gold infrastructure for virtual organizations;Web of science;2008
Good route hmi for actors involved in dangerous goods transportation;Scopus;2007
Gps ground antenna & monitor station upgrades: software requirements analysis;Engineering village;1995
Gps ground antenna & monitor station upgrades: system analysis & design;Engineering village;1995
Gps ground antenna and monitor station upgrades: software requirements analysis;Ieee;1995
Gps ground antenna and monitor station upgrades: system analysis and design;Ieee;1995
Gpsdtn: predictive velocity-enabled delay-tolerant networks for arctic research and sustainability;Ieee;2007
Groundwater management during excavations of s. pasquale station in naples;Engineering village;2013
Guidance on design of internet-based process control systems;Scopus;2005
Handling the knowledge acquired during the requirements engineering process: a case study;Acmdl;2002
Harnessing evolutionary computation to enable dynamically adaptive systems to manage uncertainty;Ieee;2013
Hazard-based selection of test cases;Acmdl;2011
How to design and deliver process context sensitive information: concept and prototype;Web of science;2012
I*-prefer: optimizing requirements elicitation process based on actor preferences;Acmdl;2009
Identification of requirements for focused crawlers in technology intelligence;Ieee;2014
Identifying contingency requirements using obstacle analysis;Ieee;2005
Ieee standard glossary of software engineering terminology;Ieee;1990
Ifip tc 5/ wg 5.5 6th ifip international conference on information technology for balanced automation systems in manufacturing and services, basys 2004;Engineering village;2005
Impediments to regulatory compliance of requirements in contractual systems engineering projects: a case study;Acmdl;2015
Implementation decision making for internetware driven by quality requirements;Web of science;2014
Implicit phasing for r6rs libraries;Scopus;2007
Imprinting community college computer science education with software engineering principles: work in progress;Acmdl;2010
Improved planar amperometric nitric oxide sensor based on platinized platinum anode. 1. experimental results and theory when applied for monitoring no release from diazeniumdiolate-doped polymeric films;Engineering village;2004
Improving business value assurance in large-scale it projects - a quantitative method based on founded requirements assessment;Scopus;2014
Improving business value assurance in large-scale it projects—a quantitative method based on founded requirements assessment;Acmdl;2015
Improving exception handling by discovering change dependencies in adaptive process management systems;Scopus;2006
Improving network infrastructure security using geospatial technology;Scopus;2007
Improving situation awareness in anaesthesiology;Acmdl;2005
In a ubiquitous world requirements are ubiquitous too;Ieee;2011
Incremental formal verification for model refining;Acmdl;2012
Information distribution and team situational awareness: an experimental study;Engineering village;2006
Information processing techniques: a major asset for the aging and life management of key npp components;Engineering village;2005
Informed evolution;Scopus;2007
Instantaneous angular speed (ias) processing and related angular applications;Scopus;2014
Instruction in problem structuring and analysis through problem frames;Ieee;2006
Integrated perimeter security system;Ieee;2007
Integrated, scalable safety-instrumented system;Engineering village;2005
Integrating creativity workshops into structured requirements processes;Acmdl;2004
Integrating mobile devices into the car ecosystem: tablets and smartphones as vital part of the car;Acmdl;2011
Integrating policy-based management and sla performance monitoring;Engineering village;2001
Integrative approach to requirements modeling;Scopus;1999
Intellbatt: the smart battery;Ieee;2013
Intellectual property rights requirements for heterogeneously-licensed systems;Ieee;2009
Intelligent supervision and tracing system for food quality under the internet of things;Scopus;2012
Intention-oriented modelling support for gore in elastic cloud applications;Ieee;2013
Intention-oriented modelling support for socio-technical driven elastic cloud applications;Ieee;2012
Intention-oriented programming support for runtime adaptive autonomic cloud-based applications;Sciencedirect;2013
Intentional models based on measurement theory;Scopus;2011
Interaction-driven self-adaptation of service ensembles;Scopus;2010
Interactive grid architecture for application service providers;Scopus;2003
Interprovider ip-mpls services: requirements, implementations, and challenges;Scopus;2005
Inventing requirements from software: an empirical investigation with web services;Ieee;2008
Investigating an 'agile-rigid' approach in globally distributed requirements analysis;Web of science;2007
Istar 2010 - proceedings of the 4th international i* workshop;Scopus;2010
Keeping track of crosscutting requirements in uml models via context-based constraints;Scopus;2006
Knowledge management in electronic government: 4th ifip international working conference, kmgov 2003 rhodes, greece, may 26-28, 2003 proceedings;Scopus;2003
Knowledge-oriented approach to requirements engineering in ambient-assisted living domain;Web of science;2013
Laser-induced breakdown spectroscopy expands into industrial applications;Sciencedirect;2014
Laying the groundwork for assisted rehabilitation;Scopus;2010
Lean+ manufacturing process analysis simulation (lpas+);Acmdl;2011
Learning operational requirements from goal models;Acmdl;2009
Lessons learnt from the development of the patient safety incidents reporting an learning system for the spanish national health system: sinasp;Sciencedirect;2014
Leveraging conceptual models of trust in automated systems to promote `appropriate trust' in autonomic systems;Ieee;2007
Live goals for adaptive service compositions;Scopus;2010
Log filtering and interpretation for root cause analysis;Ieee;2010
Loods: a new learning-based object-oriented system development environment;Ieee;1997
Low complexity crosstalk cancellation through line selection in upstream vdsl;Ieee;2003
Making automatic passenger counts mainstream accuracy, balancing algorithms, and data structures;Engineering village;2005
Making sense of requirements, sooner;Ieee;2006
Managing approach plate information study (maplist): an information requirements analysis for approach chart use;Engineering village;1994
Managing carbon footprint of buildings with ecview;Ieee;2010
Managing evolving requirements in an outsourcing context: an industrial experience report;Scopus;2004
Managing information security complexity;Scopus;2006
Managing legal texts in requirements engineering;Web of science;2009
Managing multiple requirements perspectives with metamodels;Ieee;1996
Managing requirements inconsistency with development goal monitors;Web of science;1999
Managing requirements or being managed by requirements - results of an empirical study;Engineering village;2007
Mapping semantically enriched formal tropos to business process models;Scopus;2009
Mapreduce-based warehouse systems: a survey;Ieee;2014
Market-aware requirements;Scopus;2012
Materials and structures for the european future launcher preparatory programme;Engineering village;2006
Measurement of energy expenditure in elite athletes using mems-based triaxial accelerometers;Ieee;2007
Measuring compound concentrations using the agi universal sampler, a time-integrated, passive gas and liquid sampler;Engineering village;2013
Mediaprinting: identifying multimedia content for digital rights management;Ieee;2010
Meeting business objectives through adaptive information and communications technology;Scopus;2006
Memory requirements of java bytecode verification on limited devices;Scopus;2005
Metabolic algorithm for software requirement engineering;Engineering village;2011
Methodology and tools for the design and verification of a smart management system for home comfort;Ieee;2008
Metodología para la gerencia de los procesos del negocio sustenda en el uso de patrones;Web of science;2006
Microbolometer instrument payload design for a microsatellite mission;Ieee;2005
Mid sweden university: a survey of wireless sensor networks for home healthcare monitoring application;Scopus;2013
Middleware-based distributed systems software process;Acmdl;2009
Missing white house e-mail: a whistleblowing case study;Engineering village;2002
Mission control for the 48-satellite globalstar constellation;Ieee;1995
Mitigating the obsolescence of quality specifications models in service-based systems;Ieee;2012
Mobile application supported lifestyle intervention to lower prostate cancer risk;Engineering village;2012
Mobile usability testing requirements and their implementation in the automation engineering industry;Acmdl;2014
Model driven provisioning in multi-tenant clouds;Ieee;2012
Model transformation of dependability-focused requirements models;Ieee;2009
Model-based management of strategic initiatives;Springer;2014
Model-based platform-specific co-design methodology for dynamically partially reconfigurable systems with hardware virtualization and preemption;Scopus;2010
Model-based runtime verification of web service interface contracts;Ieee;2009
Model-driven business process integration and management: a case study with the bank sinopac regional service platform;Scopus;2004
Modeling mental states in the analysis of multiagent systems requirements;Acmdl;2006
Modeling security requirements through ownership, permission and delegation;Ieee;2005
Modelling adaptability and variability in requirements;Ieee;2011
Modelling and analysing contextual failures for dependability requirements;Acmdl;2014
Modelling health care processes for eliciting user requirements: a way to link a quality paradigm and clinical information system design;Engineering village;2001
Modelling qos for wireless sensor networks;Engineering village;2007
Modelling qos for wireless sensor networks wireless sensor and actor networks;Web of science;2007
Mofban: a lightweight modular framework for body area networks;Scopus;2007
Monitoring and control in requirements analysis;Scopus;2005
Monitoring and control in scenario-based requirements analysis;Ieee;2005
Monitoring and diagnosing malicious attacks with autonomic software;Web of science;2009
Monitoring and diagnosing software requirements;Web of science;2009
Monitoring fuzzy temporal requirements for service compositions: motivations, challenges and experimental results;Ieee;2011
Monitoring group behavior in goal-directed agents using co-efficient plan observation;Web of science;2007
Monitoring requirements coverage using reconstructed views: an industrial case study;Engineering village;2006
Monitoring requirements evolution using views;Ieee;2007
Monitoring service systems from a language-action perspective;Ieee;2011
Monitoring strategic goals in data warehouses with awareness requirements;Scopus;2012
Monitoring system-of-systems requirements in multi product lines;Scopus;2013
Monitoring value webs;Web of science;2012
Monitoring web service requirements;Ieee;2003
Monitoring with behavior view diagrams for debugging;Ieee;2005
Moving from cultural probes to agent-oriented requirements engineering;Acmdl;2006
Mulit-level system integration based on autosar;Acmdl;2008
Multi-level system integration based on autosar;Web of science;2008
Multidisciplinary approach to prevent spinal cord ischemia after thoracic endovascular aneurysm repair for distal descending aorta;Sciencedirect;2010
Multiparadigm modeling in embedded systems design;Engineering village;2004
Multiple instances and symbolic variables in executable sequence charts;Acmdl;2002
Natural language processing and information systems - 14th international conference on applications of natural language to information systems, nldb 2009, revised papers;Scopus;2009
Non-functional requirements for distributable user interfaces in agile processes;Acmdl;2014
Notice of violation of ieee publication principles<br>the explore of the law role in software requirements engineering;Ieee;2009
Now more than ever: privacy and security are required (keynote);Ieee;2014
Object-oriented graceful evolution monitors;Web of science;2003
Object-oriented model of network performance monitoring system;Scopus;2001
Object-oriented software development method. a practical approach to object-oriented development;Engineering village;1991
On adopting multi-criteria decision-making approaches for variability management in software product lines;Acmdl;2012
On extending ws-policy with specification of xml web service semantics, monitoring, and control driven by business value;Scopus;2007
On lightweight mobile phone application certification;Acmdl;2009
On requirements representation and reasoning using answer set programming;Ieee;2014
On software requirement metrics based on six-sigma;Scopus;2009
On technology convergence and platforms: requirements challenges from new technologies and system architectures;Web of science;2009
On the autonomy requirements for space missions;Ieee;2013
On the development of condition based maintenance strategy for offshore wind farm: requirement elicitation process;Sciencedirect;2012
On the impact of uml analysis models on source-code comprehensibility and modifiability;Acmdl;2014
On the move to business-driven alignment of service monitoring requirements;Web of science;2011
On the move to meaningful internet systems: otm 2012 workshops - confederated international workshops: otm academy, industry case studies program, ei2n, inbast, meta4es, ontocontent, orm, sedes, sincom, and somoco 2012, proceedings;Scopus;2012
On the role of requirements in understanding and managing technical debt;Ieee;2012
On usability in requirements trace visualizations;Ieee;2008
On-chip multimedia real-time os and its mpeg-2 applications;Ieee;1999
One approach to the metric baselining imperative for requirements processes;Ieee;2003
Ontological goal modelling for proactive assistive living in smart environments;Scopus;2013
Ontological support for managing non-functional requirements in pervasive healthcare;Ieee;2009
Open source patient-controlled analgesic pump requirements documentation;Acmdl;2013
Operational semantics of goal models in adaptive agents;Scopus;2009
Optimal collector type and temperature in a solar organic rankine cycle system for building-scale power generation in hot and humid climate;Engineering village;2013
Optimizing monitoring requirements in self-adaptive systems;Web of science;2012
Optimizing system requirements with evolutionary computation;Ieee;2002
Osami-d: an open service platform for healthcare monitoring applications;Ieee;2009
Path-based error propagation analysis in composition of software services;Scopus;2007
Patterns and traceability in teaching software architecture;Acmdl;2008
Pc-re: a method for personal and contextual requirements engineering with some experience;Web of science;2006
Pedestrian navigation systems: a case study of deep personalization;Ieee;2007
Performance analysis of hierarchically structured multiple bus multiprocessor system;Ieee;1990
Performance and availability analysis of a simple local airport position domain monitor for waas;Engineering village;2005
Performance impact analysis with kpp using application response measurement in e-government systems;Scopus;2009
Performance models to predict the productivity of projects: a practical application;Scopus;2009
Personal and contextual requirements engineering;Ieee;2005
Pervasive computing: third international conference, pervasive 2005, proceedings;Scopus;2005
Pervasive service composition in the home network;Engineering village;2007
Physical configuration on-line visualization of xilinx virtex-ii fpgas;Engineering village;2007
Policy-based autonomic storage allocation;Web of science;2003
Policy-based dynamic reconfiguration of mobile-code applications;Scopus;2004
Policy-driven middleware for self-adaptation of web services compositions;Scopus;2006
Policy-driven model for autonomic management of web services using mas;Engineering village;2006
Popular misconceptions;Engineering village;2008
Position paper: approach for architectural design and modelling with documented design decisions (admd3);Acmdl;2012
Post-qualification of old radioactive waste - concrete suggestions for implementation;Engineering village;2005
Power efficient ultra wide band based wireless body area networks with narrowband feedback path;Ieee;2014
Preemption threshold scheduling: stack optimality, enhancements and analysis;Engineering village;2007
Preliminary design and development of industrial inspection e-monitoring system;Scopus;2010
Preliminary requirements for a fluoride salt-cooled high-temperature test reactor (fhtr);Engineering village;2012
Prevention of neointimal hyperplasia associated with modified stretch expanded polytetrafluoroethylene hemodialysis grafts (gore) in an experimental preclinical study in swine;Sciencedirect;2012
Privacy and security requirements framework for the internet of things (iot);Acmdl;2014
Privacy arguments: analysing selective disclosure requirements for mobile applications;Ieee;2012
Problem frames analysis over sysml model for critical goods transportation monitoring system;Scopus;2012
Procedure model for the analysis and design of reporting systems- a case study in conceptual modelling;Scopus;2006
Proceedings - 17th ieee international enterprise distributed object computing conference, edoc 2013;Scopus;2013
Proceedings - 2012 8th international conference on the quality of information and communications technology, quatic 2012;Scopus;2012
Proceedings - ieee 5th international conference on cloud computing technology and science, cloudcom 2013;Scopus;2013
Proceedings - international conference on global software engineering, icgse 2007;Scopus;2007
Proceedings - sbac-pad 2006 18th international symposium on computer architecture and high performance computing;Engineering village;2006
Proceedings 2006 australian software engineering conference;Scopus;2006
Proceedings 2010 ieee international conference on software engineering and service sciences, icsess 2010;Scopus;2010
Proceedings of 9th ieee conference on artificial intelligence for applications;Ieee;1993
Proceedings of the 10th iasted international conference on software engineering and applications, sea 2006;Scopus;2006
Proceedings of the 10th workshop on requirements engineering, wer 2007;Scopus;2007
Proceedings of the 15th international conference on software engineering;Scopus;1993
Proceedings of the 1998 20th international conference on software engineering;Scopus;1998
Proceedings of the 1998 international conference on software engineering;Scopus;1998
Proceedings of the 2009 icse workshop on aspect-oriented requirements engineering and architecture design, ea 2009;Scopus;2009
Proceedings of the 2011 2nd international workshop on requirements@run. time, re@runtime 2011;Scopus;2011
Proceedings of the 30th annual ieee/nasa software engineering workshop, sew-30;Scopus;2006
Proceedings of the 3rd international workshop on monitoring, adaptation and beyond;Acmdl;2010
Proceedings of the 7th workshop on models@run.time, mrt 2012 - being part of the acm/ieee 15th international conference on model driven engineering languages and systems, models 2012;Scopus;2012
Proceedings of the 9th conference on artificial intelligence for applications;Scopus;1993
Proceedings of the acm sigada annual international conference, sigada 2005: the engineering of correct and reliable software for real-time and distributed systems using ada and related technologies;Engineering village;2005
Proceedings of the forum at the caise 2009 conference;Scopus;2009
Proceedings of the third international workshop on software and performance wosp2002;Engineering village;2002
Process metrics for requirements analysis;Web of science;2000
Process model for e-business standards development: a case of ebxml standards;Engineering village;2009
Process monitoring using bond graph approach;Scopus;2005
Process warehouses in practice: a goal-driven method for business process analysis;Web of science;2012
Process-centered software engineering environments: academic and industrial perspectives;Acmdl;2001
Product-focused software process improvement - 14th international conference, profes 2013, proceedings;Scopus;2013
Project quality of off-shore virtual teams engaged in software requirements analysis: an exploratory comparative study;Scopus;2008
Proteomics by mass spectrometry—go big or go home?;Sciencedirect;2011
Providing quality of service monitoring: challenges and approaches;Scopus;2000
Putting business into business process models;Scopus;2008
Qos-aware middleware for ubiquitous and heterogeneous environments;Scopus;2001
Quality of interactive models;Scopus;2003
Quantifying spatial and temporal variability of macroinvertebrate metrics;Sciencedirect;2012
Rational quality requirements for medical software;Acmdl;2008
Rationalism with a dose of empiricism: case-based reasoning for requirements-driven self-adaptation;Ieee;2014
Real-time 3d transesophageal echocardiography;Engineering village;2004
Reasoning about adaptive requirements for self-adaptive systems at runtime;Ieee;2011
Reasoning about agents and protocols via goals and commitments;Acmdl;2010
Reasoning on non-functional requirements for integrated services;Ieee;2009
Reconciling system requirements and runtime behavior;Ieee;1998
Reconciling the system requirements process in changing business environments;Scopus;2004
Reducing the risks of high pressure pumping;Engineering village;2005
Refining goal models by evaluating system behaviour;Web of science;2008
Relax: a language to address uncertainty in self-adaptive systems requirement;Web of science;2010
Relax: incorporating uncertainty into the specification of self-adaptive systems;Ieee;2009
Relaxing claims: coping with uncertainty while evaluating assumptions at run time;Scopus;2012
Remote control and monitoring of an underground robotic drilling equipment for landfill remediation;Scopus;2005
Request: requirements-driven quality estimator;Acmdl;2005
Requirement analysis and metric development for public participatory gis;Scopus;2014
Requirement analysis in agile software development of distributed systems;Scopus;2011
Requirement analysis of ubiquitous intelligence system for personal diet formulation and maintenance;Scopus;2011
Requirement change management process models: activities, artifacts and roles;Scopus;2006
Requirement error abstraction and classification: an empirical study;Scopus;2006
Requirement specifications for an enterprise level collaborative, data collection, quality management and manufacturing tool for an ems provider;Engineering village;2002
Requirements analysis and a design of computational environment for hse (human-sensibility ergonomics) simulator;Web of science, Scopus;2005, 2004
Requirements analysis for a traceability system for management wood supply chain on amazon forest;Ieee;2010
Requirements analysis for run-time service compositions;Ieee;2011
Requirements analysis from multiple perspectives: experiences with conceptual modeling technology;Ieee;1996
Requirements analysis of real-time systems by rational-rose uml;Ieee;2009
Requirements and architectures for adaptive systems;Scopus;2013
Requirements capture with rcat;Ieee;2008
Requirements change management process models: an evaluation;Scopus;2007
Requirements documentation: why a formal basis is essential;Ieee;2000
Requirements elicitation in a telemedicine pain-treatment trial;Ieee;2009
Requirements engineering and management: the key to designing quality complex systems;Engineering village;2000
Requirements engineering approach for real-time and embedded systems: a case study of android-based smart phone devices;Acmdl;2014
Requirements engineering based on business process models: a case study;Scopus;2009
Requirements engineering for adaptive service based applications;Ieee;2010
Requirements engineering for home care technology;Acmdl;2008
Requirements engineering for product families;Acmdl;2000
Requirements engineering for self-adaptive systems: core ontology and problem statement;Scopus;2011
Requirements engineering for software in emerging markets;Scopus;2008
Requirements engineering in the year 00: a research perspective;Acmdl;2000
Requirements engineering process for software-as-a-service (saas) cloud environment;Ieee;2014
Requirements evolution and what (research) to do about it;Web of science;2009
Requirements evolution: from assumptions to reality;Web of science;2011
Requirements interaction management;Acmdl;2003
Requirements modeling for organization networks: a (dis)trust-based approach;Ieee;2001
Requirements models at run-time to support consistent system evolutions;Ieee;2011
Requirements models for design- and runtime a position paper;Web of science;2013
Requirements models for design- and runtime: a position paper;Ieee;2013
Requirements monitoring for adaptive service-based applications;Scopus;2012
Requirements monitoring in distributed environments;Scopus;1995
Requirements monitoring in dynamic environments;Ieee;1995
Requirements of quality of service in wireless sensor network;Engineering village;2006
Requirements reflection: requirements as runtime entities;Ieee;2010
Requirements specification for health monitoring systems capable of resolving flight control system faults;Engineering village;2001
Requirements tracing to support change in dynamically adaptive systems;Scopus;2009
Requirements uncertainty: influencing factors and concrete improvements;Ieee;2005
Requirements validation testing on the 7 optical fiber array connector/cable assemblies for the lunar reconnaissance orbiter (lro);Engineering village;2007
Requirements-aware systems: a research agenda for re for self-adaptive systems;Ieee;2010
Requirements-based dynamic metrics in object-oriented systems;Ieee;2001
Requirements-driven adaptation: compliance, context, uncertainty, and systems;Ieee;2011
Requirements-driven adaptive digital forensics;Ieee;2013
Requirements-driven adaptive security: protecting variable assets at runtime;Ieee;2012
Requirements-driven design and configuration management of business processes;Web of science;2007
Requirements-driven design of autonomic application software;Scopus;2006
Requirements-driven qualitative adaptation;Scopus;2012
Requirements-driven self-optimization of composite services using feedback control;Ieee;2015
Requirements-driven social adaptation: expert survey;Scopus;2014
Requirements-driven software evolution;Scopus;2013
Research directions in requirements engineering;Acmdl;2007
Research of gis based comprehensive monitoring technology for wind farms;Scopus;2010
Research of performance test technology for big data applications;Ieee;2014
Research on intelligent monitoring system of fangcheng port's bulk cargo ship unloader;Engineering village;2013
Research on monitoring quality of 3g streaming media service;Scopus;2010
Research on teaching evaluation system modeling based on uml;Scopus;2014
Residual requirements and architectural residues;Ieee;2001
Residual test coverage monitoring;Scopus;1999
Rgps: a unified requirements meta-modeling frame for networked software;Acmdl;2008
Risk-based confidentiality requirements specification for outsourced it systems;Ieee;2010
Risk-based requirements analysis: a holistic approach to aerospace system condition monitoring;Engineering village;1993
Robotics and artificial intelligence: a perspective on deliberation functions;Web of science;2014
Round tripping in component based software development;Scopus;2010
Rule-based context-aware adaptation using a goal-oriented ontology;Acmdl;2011
Run-time model evaluation for requirements model-driven self-adaptation;Ieee;2012
Run-time monitoring of requirements for systems composed of web-services: initial implementation and evaluation experience;Engineering village;2005
Run-time monitoring of system performance: a goal-oriented and system architecture simulation approach;Ieee;2010
Run-time resolution of uncertainty;Ieee;2011
Runtime adaptability through automated model evolution;Scopus;2010
Runtime goal models: keynote;Ieee;2013
Runtime models for automatic reorganization of multi-robot systems;Scopus;2011
Runtime monitoring of cross-cutting policy;Ieee;2009
Runtime service discovery and reconfiguration using owl-s based semantic web service;Scopus;2007
Runtime verification and monitoring of embedded systems;Scopus;2007
Rup-based process model for security requirements engineering in value-added service development;Scopus;2009
Rôle of domain engineering in software development—why current requirements engineering is flawed !;Acmdl;2009
Sat based enforcement of domotic effects in smart environments;Springer;2014
Satisficing-based approach to resolve feature interactions in control systems;Engineering village;2013
Satisfying user needs at the right time and in the right mice: a research preview;Web of science;2011
Satisfying user needs at the right time and in the right place: a research preview;Scopus;2011
Sbpm 2007 - proceedings of the workshop on semantic business process and product lifecycle management, held in conjunction with the 3rd european semantic web conference, eswc 2007;Scopus;2007
Scenario-based specification of automotive requirements with quantitative constraints and synthesis of sl/sf monitors;Ieee;2011
Scenario-driven development of context-aware adaptive web services;Scopus;2012
Scheduling and memory requirements analysis with aadl;Acmdl;2005
Secure and dependable patterns in organizations: an empirical approach;Ieee;2007
Secure service orchestration;Scopus;2007
Secure workflow development from early requirements analysis;Ieee;2008
Securitas: a tool for engineering adaptive security;Scopus;2012
Security requirement of end point security software;Scopus;2013
Security requirements analysis, specification, prioritization and policy development in cyber-physical systems;Ieee;2011
Security threats and security policy in wireless sensor networks;Scopus;2012
Selective code/data migration for reducing communication energy in embedded mpsoc architectures;Engineering village;2006
Self-adaptation through incremental generative model transformations at runtime;Acmdl;2014
Self-adaptive systems requirements modelling: four related approaches comparison;Scopus;2013
Self-explanation in adaptive systems based on runtime goal-based models;Scopus;2014
Self-repair through reconfiguration: a requirements engineering approach;Ieee;2009
Self-tuning of software systems through dynamic quality tradeoff and value-based feedback control loop;Sciencedirect;2012
Self-tuning of software systems through goal-based feedback loop control;Ieee;2010
Semantic models for knowledge management;Ieee;2001
Semantic requirements analysis for the integrated earth observation sensor web for the digital earth;Ieee;2014
Semantic vs. syntactic compositions in aspect-oriented requirements engineering: an empirical study;Acmdl;2009
Semi-supervised support vector machines for data classification with uncertainty;Engineering village;2005
Semiautomatic security requirements engineering and evolution using decision documentation, heuristics, and user monitoring;Ieee;2014
Separation of scattered concerns: a graph based approach for aspect mining;Acmdl;2011
Service level agreement parameter matching in cloud computing;Scopus;2011
Service level agreements: web services and security;Scopus;2007
Service level agreements: web services and security web engineering, proceedings;Web of science;2007
Service-centric systems and requirements engineering;Ieee;2008
Service-driven migrating of enterprise information systems: a case study;Ieee;2012
Servicing your requirements;Ieee;2006
Setting and evaluation of flexible points on software user interface;Scopus;2007
Sigada 2010 - proceedings of the 2010 acm international conference on ada and related technologies;Scopus;2010
Signal processing for estimating energy expenditure of elite athletes using triaxial accelerometers;Ieee;2005
Simoo-rt - an object-oriented framework for the development of real-time industrial automation systems;Engineering village;2002
Simoo-rt-an object-oriented framework for the development of real-time industrial automation systems;Ieee;2002
Situ: a situation-theoretic approach to context-aware service evolution;Ieee;2009
Smart distribution of bio-signal processing tasks in m-health;Scopus;2007
Smart work workbench, integrated tool for it services planning, management, execution and evaluation;Web of science;2011
Social media in the context of academic marketing: case study: evaluation of the umwelt-campus campaign;Scopus;2012
Social sensing: when users become monitors;Scopus;2011
Social software product lines;Ieee;2011
Social threats and the new challenges for requirements engineering;Ieee;2011
Socially-augmented software: empowering software operation through social contacts;Ieee;2013
Sofsem 2014: theory and practice of computer science - 40th international conference on current trends in theory and practice of computer science, proceedings;Scopus;2014
Softgoal-based plan selection in model-driven bdi agents;Acmdl;2014
Software architecture for the ecu of automated manual transmission;Ieee;2010
Software evaluation via users' feedback at runtime;Scopus;2014
Software product line engineering for developing self-adaptive systems: towards the domain requirements;Ieee;2012
Software requirements change taxonomy: evaluation by case study;Ieee;2011
Software requirements engineering methodology (srem) at the age of two;Ieee;1978
Software reuse measure: monitoring an enterprise-level model driven development process;Engineering village;1999
Software self-reconfiguration: a bdi-based approach;Scopus;2009
Software tool construction for deployment of jmx services in distributed testbeds;Engineering village;2006
Space-based afscn augmentation system;Scopus;1991
Specifications for trueness and precision of a reference measurement system for serum/plasma 25-hydroxyvitamin d analysis;Sciencedirect;2009
Specifying and monitoring interactions and commitments in open business processes;Ieee;2009
Specifying monitoring and switching problems in context;Ieee;2007
Specifying requirements for real-time systems;Scopus;2009
State-based model checking of event-driven system requirements;Web of science;1993
Stateful requirements monitoring for self-repairing socio-technical systems;Ieee;2012
Strategies for handling the activity problem in runtime software evolution by reducing activity;Engineering village;2004
Strategy scorecards;Engineering village;1998
Stream: a strategy for transition between requirements models and architectural models;Acmdl;2011
Structural rehabilitation of the heart lake tunnel;Engineering village;2005
Study of goal-oriented migrating workflow system based on mobile computing paradigm;Web of science;2011
Study on china digital ocean prototype system;Ieee;2009
Studying system analysis for knowledge reasoning component-based;Engineering village;2013
Support for intention driven cloud government entitlement services;Ieee;2013
Support vector machines for quality monitoring in a plastic injection molding process;Ieee;2005
Support vector machines for quality, monitoring in a plastic injection molding process;Web of science;2005
Supporting and monitoring the creativity of is personnel during the requirements engineering process;Ieee;2000
Supporting decision-making for self-adaptive systems: from goal models to dynamic decision networks;Scopus;2013
Supporting event based traceability through high-level recognition of change events;Scopus;2002
Supporting model-driven requirements management in the embedded systems domain;Ieee;2013
Supporting objects in run-time bytecode specialization;Scopus;2002
Supporting requirements change management in goal oriented analysis;Ieee;2008
Switch or struggle: risk assessment for late integration of cots components;Acmdl;2007
Synthesis of live behaviour models;Acmdl;2010
Synthesis of observers for autonomic evolutionary systems from requirements models;Scopus;2013
Sysml-based requirement modeling environment for multicore embedded system;Acmdl;2010
System identification for adaptive software systems: a requirements engineering perspective;Acmdl;2011
System of systems capability to requirements engineering;Ieee;2014
System requirements for an advanced cockpit to reduce workload and stress;Scopus;2014
Systematic development of umlsec design models based on security requirements;Web of science;2011
Table of contents;Ieee;2013
Taking care of elderly people with chronic conditions using ambient assisted living technology: the advent perspective;Scopus;2014
Taking goal models downstream: a systematic roadmap;Ieee;2014
Tarmac delay surveillance and mitigation system: requirements analysis for nextgen;Ieee;2010
Telemonitoring of patients with parkinson's disease using inertia sensors;Scopus;2014
Testing highly complex system of systems: an industrial case study;Acmdl;2012
The actor's view of automated planning and acting: a position paper;Web of science;2014
The actor_s view of automated planning and acting: a position paper;Sciencedirect;2014
The application of b-bpline neurofuzzy networks for condition monitoring of metal cutting tool;Scopus;2006
The application of compile-time reflection to software fault tolerance using ada 95;Acmdl;2005
The aspire approach to continuous software process improvement;Ieee;1992
The business process knowledge framework;Scopus;2007
The business requirements and technical fabric for the smart city;Ieee;2014
The capture calculus toolset;Acmdl;2011
The design and implementation of land-based target system for korean destroyer combat systems;Acmdl;2008
The design of smart homes for people with dementia - user-interface aspects;Scopus;2005
The design of the european ground systems - common core (egs-cc);Engineering village;2014
The development, implementation and future of the ags data formats for the transfer of geotechnical and geoenvironmental data by electronic means;Engineering village;2006
The e-mobility case study;Scopus;2015
The eclipse 3.0 platform: adopting osgi technology;Scopus;2005
The explore of the law role in software requirements engineering;Web of science;2009
The integrated specification and analysis of functional, temporal, and resource requirements;Ieee;1997
The integration of virtual instruments into pipeline lpg network monitoring system;Scopus;2001
The interface of visto, a new vector image search tool;Scopus;2007
The mais approach to web service design;Scopus;2005
The management of neonatal posterolateral diaphragmatic hernia;Sciencedirect;1982
The many faces of operationalization in goal-oriented requirements engineering;Acmdl;2014
The multi-processor scheduling problem in phylogenetics;Scopus;2012
The observer-based technique for requirements validation in embedded real-time systems;Ieee;2014
The process of inconsistency management: a framework for understanding;Ieee;1999
The requirements problem for adaptive systems;Scopus, Acmdl;2015, 2014
The research of software requirements analysis of core needs;Scopus;2012
The role of deferred requirements in a longitudinal study of emailing;Ieee;2005
The role of deferred requirements in a longitudinal study of entailing;Scopus;2005
The role of roles in supporting reconfigurability and fault localizations for open distributed and embedded systems;Scopus;2007
The role of the software practitioner in the development of public safety software-intensive systems;Acmdl;2007
The safety requirements engineering dilemma;Acmdl;1998
The significance of endoleaks in thoracic endovascular aneurysm repair;Sciencedirect;2011
The software engineering of adaptive human-computer interfaces;Ieee;1989
The think aloud method: a guide to user interface design;Engineering village;2004
The user modeling shell system bgp-ms;Springer;1994
The weighted decision matrix: tracking design decisions in service compositions;Ieee;2014
To connect or not to connect: experiences from modeling topological variability;Acmdl;2014
Tool support for combined rule-based and goal-based reasoning in context-aware systems;Ieee;2012
Tool support for inspecting the code quality of hpc applications;Acmdl;2007
Tool support for semantic task modeling;Acmdl;2013
Toward a text classification system for the quality assessment of software requirements written in natural language;Acmdl;2007
Toward improvement-oriented reuse of experience in engineering design processes;Web of science;2005
Toward inconsistency awareness in collaborative software development;Ieee;2011
Towards a continuous requirements engineering framework for self-adaptive systems;Ieee;2010
Towards a framework for describing cloud service characteristics for use by chief information officers;Ieee;2011
Towards a goal-driven approach to action selection in self-adaptive software;Web of science;2012
Towards a requirements-driven framework for detecting malicious behavior against software systems;Acmdl;2011
Towards a unified framework for contextual variability in requirements;Ieee;2009
Towards a universal access code of practice in health telematics;Scopus;2005
Towards adaptive systems through requirements@runtime?;Scopus;2011
Towards an integrated approach for aspectual requirements;Ieee;2006
Towards automatically configurable multimedia applications;Scopus;2001
Towards autonomic management of communications networks;Scopus;2007
Towards development of web applications based on user interface services - a requirement analysis;Scopus;2009
Towards dynamic evolution of self-adaptive systems based on dynamic updating of control loops;Ieee;2012
Towards evolution of strategic it requirements;Acmdl;2007
Towards feature-oriented requirements validation for automotive systems;Ieee;2014
Towards goal-driven self optimisation of service based applications;Web of science;2008
Towards monitoring cloud services using models@run.time;Scopus;2014
Towards requirements engineering in a service-oriented environment--extending the soa interaction triangle;Ieee;2008
Towards requirements-driven autonomic systems design;Acmdl;2005
Towards reusable colored petri nets;Ieee;1998
Towards seamless adaptation: an agent-oriented approach;Ieee;2008
Towards security monitoring patterns;Scopus;2007
Towards self-managed systems aware of economic value;Scopus, Ieee;2011, 2010
Towards smart user interface design;Scopus;2012
Towards support for ad-hoc multimedia bindings;Scopus;2001
"Towards the identification of ""guilty"" performance antipatterns";Acmdl;2010
Towards variability design as decision boundary placement;Scopus;2007
Traceability-enabled refactoring for managing just-in-time requirements;Ieee;2014
Tracing cross-cutting requirements via context-based constraints;Scopus;2005
Trade-off between performance and energy consumption in wireless sensor networks;Web of science;2007
Transaction management for m-commerce at a mobile terminal;Sciencedirect;2006
Transarctic acoustic propagation experiment and climate monitoring in the arctic;Engineering village;1999
Transitioning to the community: bridging gaps in patient care;Engineering village;2007
Transml: a family of languages to model model transformations;Acmdl;2010
Trustworthy path discovery in manet -- a message oriented cross-correlation approach;Ieee;2011
Twelfth acm sigsoft international symposium on the foundations of software engineering, sigsoft 2004/fse-12;Scopus;2004
Ultrasonography in follow-up of soft tissue augmentation of the face with synthetic materials: a pilot study;Engineering village;2004
Uncertainty handling in goal-driven self-optimization - limiting the negative effect on adaptation;Web of science;2014
Uncertainty handling in goal-driven self-optimization – limiting the negative effect on adaptation;Sciencedirect;2014
Uncertainty modeling of self-adaptive software requirement;Scopus;2012
Uncertainty, risk, and information value in software requirements and architecture;Acmdl;2014
Uncovering requirements using serious games;Ieee;2012
Understanding operators' information needs for system design;Ieee;1992
Unified compiler framework for control and data speculation;Scopus;2000
Use case maps as architectural entities for complex systems;Scopus;1998
Use case to source code traceability: the developer navigation view point;Ieee;2009
User requirement analysis for personalized cancer dietary planning and menu construction;Engineering village;2010
Using aspects to simplify imodels;Ieee;2006
Using black-box persistent state manifest for dependency management in patching and upgrading j2ee based applications;Ieee;2005
Using complementary models-based approaches for representing and analysing atm systems' variability;Acmdl;2012
Using databases to streamline test program set development;Ieee;2000
Using execution trace data to improve distributed systems;Scopus;2002
Using goals and customizable services to improve adaptability of process-based service compositions;Ieee;2013
Using indexed data structures for program specialization;Scopus;2002
Using microcomponents and design patterns to build evolutionary transaction services;Scopus;2007
Using process models for the design of service-oriented architectures: methodology and e-commerce case study;Engineering village;2008
Using rationale for software engineering education;Ieee;2005
Using reflection as a mechanism for enforcing security policies on compiled code;Scopus;2002
Using relax, sysml and kaos for ambient systems requirements modeling;Sciencedirect;2012
Using requirements models at runtime: potential and challenges [usando modelos de requisitos em tempo de execução: potencial e desafios];Scopus;2013
Using stakeholder-driven process performance measurement for monitoring the performance of a scrum-based software development process;Scopus;2007
Utilizing rule deviations in it ecosystems for implicit requirements elicitation;Ieee;2009
Utilizing security requirements engineering methods for operational security maintenance purposes;Ieee;2008
Value models for engineering of complex sustainable;Web of science;2012
Value models for engineering of complex sustainable systems;Sciencedirect;2012
Value-based software engineering;Acmdl;2003
Visual support in automated tracing;Ieee;2007
Visualization of conceptual specifications;Sciencedirect;1994
Visualizing the analysis of dynamically adaptive systems using i* and dsls;Ieee;2007
Vote casting device with vv-sv-pat for elections with complicated ballot papers;Ieee;2011
Weaving a carpet from log entries: a network security visualization built with co-creation;Ieee;2014
Web agents for requirements consistency management;Ieee;2003
Wetting and drying responses of gas diffusion layers and proton exchange membrane to current transients;Engineering village;2009
What's the use of requirements engineering?;Ieee;1997
When to adapt? identification of problem domains for adaptive systems;Scopus;2008
When users become collaborators: towards continuous and context-aware user input;Acmdl;2009
Why context matters - and what can we do about it?;Ieee;2005
Wireless communication in process control loop: requirements analysis, industry practices and experimental evaluation;Ieee;2014
Wireless sensor networks for structural health monitoring: considerations for communication protocol design;Scopus;2010
Workflow automation for processing plasma fusion simulation data;Scopus;2007
Workflow resource requirement modeling and analysis;Scopus;2008
Wscpc: an architecture using semantic web services for collaborative product commerce;Scopus;2006
X-ray image intensifier systems;Ieee;1973
Xml-based method and tool for handling variant requirements in domain models;Ieee;2001
[title page];Ieee;2012, 2011
